term,Estimate,Std_Error,t_value,p_value,r2,aic
const,13.84199999999998,0.379402922017968,36.48364099669333,4.90144071924036e-142,0.39143530827067663,2938.63988737378
driverorder2,0.21600000000003305,0.4055987844948989,0.5325459746360498,0.5945883330186483,0.39143530827067663,2938.63988737378
Alpine,-3.5499999999999967,0.7170041273934116,-4.951156993901312,1.0154526803105635e-06,0.39143530827067663,2938.63988737378
AstonMartin,-1.789999999999996,0.717004127393412,-2.496498878615023,0.012868657894370226,0.39143530827067663,2938.63988737378
Ferrari,-7.689999999999989,0.717004127393412,-10.725182333267899,2.931253919567298e-24,0.39143530827067663,2938.63988737378
Mclaren,-3.54999999999999,0.7170041273934114,-4.951156993901304,1.0154526803105993e-06,0.39143530827067663,2938.63988737378
Mercedes,-8.269999999999985,0.7170041273934116,-11.534103757623608,2.086252745620299e-27,0.39143530827067663,2938.63988737378
RedBull,-9.650000000000006,0.7170041273934117,-13.458778870745837,2.2290327866243944e-35,0.39143530827067663,2938.63988737378
